{"UUID":"JbTbYM9UH6xdGi4p9pjfRz","layoutMainAxisSizing":null,"layoutCrossAxisSizing":null,"name":"Karasu V2","isVisible":true,"boundaryRectangle":null,"style":null,"prototypeNodeUUID":null,"child":null,"constraints":null,"debug":false,"pngPath":"/usr/src/app/temp-out/pb-tmp-8d1b3ad0-f884-4d76-89c4-5d70125a65f2/testahmetgk/lib/assets/images","pages":[{"UUID":"0:1","layoutMainAxisSizing":null,"layoutCrossAxisSizing":null,"name":"Assets","isVisible":true,"boundaryRectangle":null,"style":null,"prototypeNodeUUID":null,"child":null,"constraints":null,"convert":true,"screens":[],"pbdlType":"page"},{"UUID":"103:1901","layoutMainAxisSizing":null,"layoutCrossAxisSizing":null,"name":"Mockups","isVisible":true,"boundaryRectangle":null,"style":null,"prototypeNodeUUID":null,"child":null,"constraints":null,"convert":true,"screens":[],"pbdlType":"page"},{"UUID":"103:2169","layoutMainAxisSizing":null,"layoutCrossAxisSizing":null,"name":"Page 4","isVisible":true,"boundaryRectangle":null,"style":null,"prototypeNodeUUID":null,"child":null,"constraints":null,"convert":true,"screens":[],"pbdlType":"page"},{"UUID":"127:2280","layoutMainAxisSizing":null,"layoutCrossAxisSizing":null,"name":"Icons","isVisible":true,"boundaryRectangle":null,"style":null,"prototypeNodeUUID":null,"child":null,"constraints":null,"convert":true,"screens":[],"pbdlType":"page"},{"UUID":"1:2","layoutMainAxisSizing":null,"layoutCrossAxisSizing":null,"name":"UI","isVisible":true,"boundaryRectangle":null,"style":null,"prototypeNodeUUID":null,"child":null,"constraints":null,"convert":true,"screens":[],"pbdlType":"page"}],"miscPages":[],"sharedStyles":[],"globalStyles":{"UUID":"","layoutMainAxisSizing":null,"layoutCrossAxisSizing":null,"name":"","isVisible":false,"boundaryRectangle":null,"style":null,"prototypeNodeUUID":null,"child":null,"constraints":null,"pbdlType":"global_styles","designSystem":"material","colors":[{"UUID":"3:662","layoutMainAxisSizing":null,"layoutCrossAxisSizing":null,"name":"Musteri","isVisible":false,"boundaryRectangle":null,"style":null,"prototypeNodeUUID":null,"child":null,"constraints":null,"description":"","pbdlType":"global_color","color":{"a":1.0,"r":0.1868850290775299,"g":0.037013888359069824,"b":0.6833333373069763}},{"UUID":"3:14","layoutMainAxisSizing":null,"layoutCrossAxisSizing":null,"name":"Color1","isVisible":false,"boundaryRectangle":null,"style":null,"prototypeNodeUUID":null,"child":null,"constraints":null,"description":"","pbdlType":"global_color","color":{"a":1.0,"r":0.1302083283662796,"g":0.1302083283662796,"b":0.2083333283662796}},{"UUID":"34:1045","layoutMainAxisSizing":null,"layoutCrossAxisSizing":null,"name":"Taş","isVisible":false,"boundaryRectangle":null,"style":null,"prototypeNodeUUID":null,"child":null,"constraints":null,"description":"","pbdlType":"global_color","color":{"a":1.0,"r":0.5375000238418579,"g":0.38777968287467957,"b":0.1119791567325592}},{"UUID":"34:2424","layoutMainAxisSizing":null,"layoutCrossAxisSizing":null,"name":"Ölçü","isVisible":false,"boundaryRectangle":null,"style":null,"prototypeNodeUUID":null,"child":null,"constraints":null,"description":"","pbdlType":"global_color","color":{"a":1.0,"r":0.375,"g":0.3686656355857849,"b":0.0234375}}],"textStyles":[],"themeColors":[],"themeTextStyles":[]},"pbdlType":"project","azure_container_uri":"https://pbnestcore.blob.core.windows.net/jbtbym9uh6xdgi4p9pjfrz"}